{
  "hash": "986f62d3",
  "configHash": "de82df75",
  "lockfileHash": "3a24753e",
  "browserHash": "fb1d0fd0",
  "optimized": {
    "@angular/common": {
      "src": "../../../../../../node_modules/@angular/common/fesm2022/common.mjs",
      "file": "@angular_common.js",
      "fileHash": "0f9ce3e8",
      "needsInterop": false
    },
    "@angular/common/http": {
      "src": "../../../../../../node_modules/@angular/common/fesm2022/http.mjs",
      "file": "@angular_common_http.js",
      "fileHash": "390f17ea",
      "needsInterop": false
    },
    "@angular/core": {
      "src": "../../../../../../node_modules/@angular/core/fesm2022/core.mjs",
      "file": "@angular_core.js",
      "fileHash": "7a10ac48",
      "needsInterop": false
    },
    "@angular/forms": {
      "src": "../../../../../../node_modules/@angular/forms/fesm2022/forms.mjs",
      "file": "@angular_forms.js",
      "fileHash": "32c3d59c",
      "needsInterop": false
    },
    "@angular/platform-browser": {
      "src": "../../../../../../node_modules/@angular/platform-browser/fesm2022/platform-browser.mjs",
      "file": "@angular_platform-browser.js",
      "fileHash": "cd068335",
      "needsInterop": false
    },
    "@angular/router": {
      "src": "../../../../../../node_modules/@angular/router/fesm2022/router.mjs",
      "file": "@angular_router.js",
      "fileHash": "7165a203",
      "needsInterop": false
    }
  },
  "chunks": {
    "chunk-HAVN6EWS": {
      "file": "chunk-HAVN6EWS.js"
    },
    "chunk-GDPJ4OBD": {
      "file": "chunk-GDPJ4OBD.js"
    },
    "chunk-RMLN52P2": {
      "file": "chunk-RMLN52P2.js"
    },
    "chunk-ZTNQHJPU": {
      "file": "chunk-ZTNQHJPU.js"
    },
    "chunk-MHQIP2VU": {
      "file": "chunk-MHQIP2VU.js"
    }
  }
}